{"cameraMode":{"drawMode":0,"name":"Shaded","section":"Shading Mode"},"sceneLighting":false,"audioPlay":false,"sceneViewState":{"m_AlwaysRefresh":false,"showFog":true,"showSkybox":false,"showFlares":true,"showImageEffects":true,"showParticleSystems":true,"showVisualEffectGraphs":true,"m_FxEnabled":true},"in2DMode":false,"pivot":{"x":-6.3318023681640629,"y":0.31588315963745119,"z":9.156989097595215},"rotation":{"x":-0.14046251773834229,"y":0.7274140119552612,"z":-0.15641920268535615,"w":-0.6532044410705566},"size":3.8071141242980959,"orthographic":false}