{"cameraMode":{"drawMode":0,"name":"Shaded","section":"Shading Mode"},"sceneLighting":false,"audioPlay":false,"sceneViewState":{"m_AlwaysRefresh":false,"showFog":true,"showSkybox":true,"showFlares":true,"showImageEffects":true,"showParticleSystems":true,"showVisualEffectGraphs":true,"m_FxEnabled":true},"in2DMode":false,"pivot":{"x":0.6859820485115051,"y":6.658054351806641,"z":4.529648780822754},"rotation":{"x":0.04509001597762108,"y":0.9338636994361877,"z":-0.33119282126426699,"w":0.12712793052196504},"size":7.876628875732422,"orthographic":false}