{"cameraMode":{"drawMode":0,"name":"Shaded","section":"Shading Mode"},"sceneLighting":false,"audioPlay":false,"sceneViewState":{"m_AlwaysRefresh":false,"showFog":true,"showSkybox":true,"showFlares":true,"showImageEffects":true,"showParticleSystems":true,"showVisualEffectGraphs":true,"m_FxEnabled":true},"in2DMode":false,"pivot":{"x":5.345560073852539,"y":-118.67466735839844,"z":14.604915618896485},"rotation":{"x":0.6558364033699036,"y":0.026027092710137368,"z":-0.022628244012594224,"w":0.754112720489502},"size":71.44335174560547,"orthographic":false}