{"cameraMode":{"drawMode":0,"name":"Shaded","section":"Shading Mode"},"sceneLighting":true,"audioPlay":false,"sceneViewState":{"m_AlwaysRefresh":false,"showFog":true,"showSkybox":true,"showFlares":true,"showImageEffects":true,"showParticleSystems":true,"showVisualEffectGraphs":true,"m_FxEnabled":true},"in2DMode":false,"pivot":{"x":525.2410888671875,"y":287.231689453125,"z":21.80914306640625},"rotation":{"x":-0.06924378126859665,"y":-0.017360342666506769,"z":0.0012052356032654644,"w":-0.9974473118782044},"size":363.49041748046877,"orthographic":false}