{"cameraMode":{"drawMode":0,"name":"Shaded","section":"Shading Mode"},"sceneLighting":false,"audioPlay":false,"sceneViewState":{"m_AlwaysRefresh":false,"showFog":true,"showSkybox":true,"showFlares":true,"showImageEffects":true,"showParticleSystems":true,"showVisualEffectGraphs":true,"m_FxEnabled":true},"in2DMode":false,"pivot":{"x":2.203667640686035,"y":1.2498911619186402,"z":-1.2929191589355469},"rotation":{"x":0.5459101796150208,"y":0.007539985701441765,"z":-0.004913704469799995,"w":0.8377978205680847},"size":8.368789672851563,"orthographic":true}