{"cameraMode":{"drawMode":0,"name":"Shaded","section":"Shading Mode"},"sceneLighting":true,"audioPlay":false,"sceneViewState":{"m_AlwaysRefresh":false,"showFog":true,"showSkybox":true,"showFlares":true,"showImageEffects":true,"showParticleSystems":true,"showVisualEffectGraphs":true,"m_FxEnabled":true},"in2DMode":false,"pivot":{"x":5.958866119384766,"y":-67.36610412597656,"z":14.144538879394532},"rotation":{"x":-0.4090602993965149,"y":0.015041351318359375,"z":-0.006760993506759405,"w":-0.9123188257217407},"size":132.2159881591797,"orthographic":false}