{"cameraMode":{"drawMode":0,"name":"Shaded","section":"Shading Mode"},"sceneLighting":true,"audioPlay":false,"sceneViewState":{"m_AlwaysRefresh":false,"showFog":true,"showSkybox":true,"showFlares":true,"showImageEffects":true,"showParticleSystems":true,"showVisualEffectGraphs":true,"m_FxEnabled":true},"in2DMode":false,"pivot":{"x":-0.44765928387641909,"y":9.413346290588379,"z":-6.820603370666504},"rotation":{"x":-0.31401532888412478,"y":0.04611543193459511,"z":-0.015272027812898159,"w":-0.948175847530365},"size":1.608872413635254,"orthographic":false}