{"cameraMode":{"drawMode":0,"name":"Shaded","section":"Shading Mode"},"sceneLighting":false,"audioPlay":false,"sceneViewState":{"m_AlwaysRefresh":false,"showFog":true,"showSkybox":false,"showFlares":true,"showImageEffects":true,"showParticleSystems":true,"showVisualEffectGraphs":true,"m_FxEnabled":true},"in2DMode":false,"pivot":{"x":-0.3374035954475403,"y":1.3682297468185425,"z":-0.45391273498535159},"rotation":{"x":-0.07320449501276016,"y":0.9262537360191345,"z":-0.2444208264350891,"w":-0.2774147689342499},"size":1.9875808954238892,"orthographic":true}