{"cameraMode":{"drawMode":0,"name":"Shaded","section":"Shading Mode"},"sceneLighting":false,"audioPlay":false,"sceneViewState":{"m_AlwaysRefresh":false,"showFog":true,"showSkybox":false,"showFlares":true,"showImageEffects":true,"showParticleSystems":true,"showVisualEffectGraphs":true,"m_FxEnabled":true},"in2DMode":false,"pivot":{"x":168.47296142578126,"y":123.83000183105469,"z":97.83756256103516},"rotation":{"x":-0.31401532888412478,"y":0.04611543193459511,"z":-0.015272027812898159,"w":-0.948175847530365},"size":0.7088725566864014,"orthographic":false}