{"cameraMode":{"drawMode":0,"name":"Shaded","section":"Shading Mode"},"sceneLighting":false,"audioPlay":false,"sceneViewState":{"m_AlwaysRefresh":false,"showFog":true,"showSkybox":false,"showFlares":true,"showImageEffects":true,"showParticleSystems":true,"showVisualEffectGraphs":true,"m_FxEnabled":true},"in2DMode":false,"pivot":{"x":168.47296142578126,"y":123.83000183105469,"z":97.83756256103516},"rotation":{"x":-0.037719424813985828,"y":-0.06530973315238953,"z":0.002470660023391247,"w":-0.9971516728401184},"size":0.7088725566864014,"orthographic":false}